_time,id,genre_id,original_language,original_title,release_date
2019-01-29T11:39:52.000+0530,199183,18,sv,En djungelsaga,2019-12-26
2019-01-29T11:39:52.000+0530,199183,99,sv,En djungelsaga,2019-12-26
2019-01-29T11:39:52.000+0530,199183,12,sv,En djungelsaga,2019-12-26
2019-01-29T11:39:52.000+0530,519187,18,uk,Донбас,2019-08-30
2019-01-29T11:39:52.000+0530,478044,10752,fa,Kabullywood,2017-10-11
2019-01-29T11:39:52.000+0530,478044,35,fa,Kabullywood,2017-10-11
2019-01-29T11:39:52.000+0530,478044,18,fa,Kabullywood,2017-10-11
2019-01-29T11:39:52.000+0530,567973,28,vi,Hai Phuong,2019-02-22
2019-01-29T11:39:52.000+0530,500850,99,en,The Silence of Others,2019-02-25
2019-01-29T11:39:52.000+0530,564492,99,en,Schapenheld,2019-02-21
2019-01-29T11:39:52.000+0530,488883,99,en,Amal,2019-03-15
2019-01-29T11:39:52.000+0530,500879,99,en,The Green Lie,2019-03-09
2019-01-29T11:39:52.000+0530,521681,18,en,Teddy Bears Live Forever,2019-02-21
2019-01-29T11:39:52.000+0530,497747,18,sv,Toppen av ingenting,2019-03-16
2019-01-29T11:39:52.000+0530,500913,36,pl,Eter,2019-02-21
2019-01-29T11:39:52.000+0530,500913,18,pl,Eter,2019-02-21
2019-01-29T11:39:52.000+0530,559562,16,ja,PSYCHO-PASS サイコパス Sinners of the System Case.2「First Guardian」,2019-02-15
2019-01-29T11:39:52.000+0530,559562,878,ja,PSYCHO-PASS サイコパス Sinners of the System Case.2「First Guardian」,2019-02-15
2019-01-29T11:39:52.000+0530,559562,80,ja,PSYCHO-PASS サイコパス Sinners of the System Case.2「First Guardian」,2019-02-15
2019-01-29T11:39:52.000+0530,515047,18,fr,La chute de l'empire américain,2019-06-28
2019-01-29T11:39:52.000+0530,536591,28,ta,Pon Manickavel,2019-02-15
2019-01-29T11:39:52.000+0530,536591,53,ta,Pon Manickavel,2019-02-15
2019-01-29T11:39:52.000+0530,568790,18,fr,Répertoire des villes disparues,2019-02-15
2019-01-29T11:39:52.000+0530,577095,99,en,Serendipity,2019-02-21
2019-01-29T11:39:52.000+0530,575551,53,ru,Пилигрим,2019-02-14
2019-01-29T11:39:52.000+0530,517024,53,ru,Отрыв,2019-02-14
2019-01-29T11:39:52.000+0530,411857,35,ta,இது வேதாளம் சொல்லும் கதை,2019-02-14
2019-01-29T11:39:52.000+0530,411857,14,ta,இது வேதாளம் சொல்லும் கதை,2019-02-14
2019-01-29T11:39:52.000+0530,411857,27,ta,இது வேதாளம் சொல்லும் கதை,2019-02-14
2019-01-29T11:39:52.000+0530,576334,99,en,The Brink,2019-01-30
2019-01-29T11:39:52.000+0530,578491,28,tl,Darna,2019-01-28
2019-01-29T11:39:52.000+0530,578491,12,tl,Darna,2019-01-28
2019-01-29T11:39:52.000+0530,578491,14,tl,Darna,2019-01-28
2019-01-29T11:39:52.000+0530,578628,99,fi,Aatos ja Amine,2019-01-28
2019-01-29T11:39:52.000+0530,531953,99,en,A Thousand Girls Like Me,2019-02-13
2019-01-29T11:39:52.000+0530,553835,28,ja,劇場版 ダンジョンに出会いを求めるのは間違っているだろうか -オリオンの矢-,2019-02-15
2019-01-29T11:39:52.000+0530,553835,12,ja,劇場版 ダンジョンに出会いを求めるのは間違っているだろうか -オリオンの矢-,2019-02-15
2019-01-29T11:39:52.000+0530,553835,35,ja,劇場版 ダンジョンに出会いを求めるのは間違っているだろうか -オリオンの矢-,2019-02-15
2019-01-29T11:39:52.000+0530,553835,14,ja,劇場版 ダンジョンに出会いを求めるのは間違っているだろうか -オリオンの矢-,2019-02-15
2019-01-29T11:39:52.000+0530,553835,10749,ja,劇場版 ダンジョンに出会いを求めるのは間違っているだろうか -オリオンの矢-,2019-02-15
2019-01-29T11:39:52.000+0530,574029,18,bg,Грешници,2019-02-15
2019-01-29T11:39:52.000+0530,501794,99,fr,La Liberté,2019-02-20
2019-01-29T11:39:52.000+0530,473332,18,ar,الرحلة,2019-02-20
2019-01-29T11:39:52.000+0530,473332,53,ar,الرحلة,2019-02-20
2019-01-29T11:39:52.000+0530,561605,10749,sv,Eld och lågor,2019-02-14
2019-01-29T11:39:52.000+0530,561605,18,sv,Eld och lågor,2019-02-14
2019-01-29T11:39:52.000+0530,514710,16,ja,ちいさな英雄－カニとタマゴと透明人間－,2019-08-24
2019-01-29T11:39:52.000+0530,514710,14,ja,ちいさな英雄－カニとタマゴと透明人間－,2019-08-24
2019-01-29T11:39:52.000+0530,576393,10749,zh,一吻定情,2019-02-14
2019-01-29T11:39:52.000+0530,576393,35,zh,一吻定情,2019-02-14
2019-01-29T11:39:52.000+0530,575800,18,fr,Daniel fait face,2019-02-10
2019-01-29T11:39:52.000+0530,484739,18,fr,Angel,2019-02-13
2019-01-29T11:39:52.000+0530,562900,18,en,The Red Phallus,2019-02-10
2019-01-29T11:39:52.000+0530,507317,18,pt,A Portuguesa,2019-02-10
2019-01-29T11:39:52.000+0530,507317,36,pt,A Portuguesa,2019-02-10
2019-01-29T11:39:52.000+0530,570508,18,ko,증인,2019-02-13
2019-01-29T11:39:52.000+0530,573660,35,pt,Sai de Baixo - O Filme,2019-02-21
2019-01-29T11:39:52.000+0530,502142,53,en,The Possession 2,2019-02-22
2019-01-29T11:39:52.000+0530,502142,27,en,The Possession 2,2019-02-22
2019-01-29T11:39:52.000+0530,484428,18,sv,Unga Astrid,2019-09-14
2019-01-29T11:39:52.000+0530,569133,28,pl,Kobiety mafii 2,2019-02-22
2019-01-29T11:39:52.000+0530,569133,18,pl,Kobiety mafii 2,2019-02-22
2019-01-29T11:39:52.000+0530,569133,80,pl,Kobiety mafii 2,2019-02-22
2019-01-29T11:39:52.000+0530,471515,35,en,Adventures in Public School,2019-09-06
2019-01-29T11:39:52.000+0530,573568,18,de,Club der roten Bänder - Wie alles begann,2019-02-14
2019-01-29T11:39:52.000+0530,426546,99,en,Food Evolution,2019-02-20
2019-01-29T11:39:52.000+0530,567224,10749,hu,Kölcsönlakás,2019-02-14
2019-01-29T11:39:52.000+0530,567224,35,hu,Kölcsönlakás,2019-02-14
2019-01-29T11:39:52.000+0530,67166,27,en,Runaway Brain,1995-08-11
2019-01-29T11:39:52.000+0530,67166,16,en,Runaway Brain,1995-08-11
2019-01-29T11:39:52.000+0530,67166,35,en,Runaway Brain,1995-08-11
2019-01-29T11:39:52.000+0530,511401,99,sv,Flotten,2019-02-13
2019-01-29T11:39:52.000+0530,518734,99,fr,Dans la terrible jungle,2019-02-13
2019-01-29T11:39:52.000+0530,573450,99,fr,Regarde ailleurs,2019-02-13
2019-01-29T11:39:52.000+0530,577583,16,fr,La Cabane aux oiseaux,2019-02-06
2019-01-29T11:39:52.000+0530,578264,99,de,Immer und Ewig,2019-01-31
2019-01-29T11:39:52.000+0530,460001,35,hi,The Fakir of Venice,2009-04-21
2019-01-29T11:39:52.000+0530,460001,18,hi,The Fakir of Venice,2009-04-21
2019-01-29T11:39:52.000+0530,505706,18,de,Der goldene Handschuh,2019-02-21
2019-01-29T11:39:52.000+0530,505706,53,de,Der goldene Handschuh,2019-02-21
2019-01-29T11:39:52.000+0530,505706,27,de,Der goldene Handschuh,2019-02-21
2019-01-29T11:39:52.000+0530,278390,10749,en,Keeravani,2019-02-10
2019-01-29T11:39:52.000+0530,566214,99,es,Lapü,2019-02-10
2019-01-29T11:39:52.000+0530,73697,35,it,Venga a prendere il caffè da noi,1970-09-22
2019-01-29T11:39:52.000+0530,538207,18,en,We Die Young,2019-02-12
2019-01-29T11:39:52.000+0530,575645,35,pt,O Galã,2019-02-07
2019-01-29T11:39:52.000+0530,576300,99,de,Asi mit Niwoh - Die Jürgen Zeltinger Geschichte,2019-02-07
2019-01-29T11:39:52.000+0530,572151,35,ko,기묘한 가족,2019-02-13
2019-01-29T11:39:52.000+0530,535144,80,hi,Sonchiriya,2019-02-08
2019-01-29T11:39:52.000+0530,573104,18,id,The Way I Love You,2019-02-07
2019-01-29T11:39:52.000+0530,573104,10749,id,The Way I Love You,2019-02-07
2019-01-29T11:39:52.000+0530,573110,35,id,Laundry Show,2019-02-07
2019-01-29T11:39:52.000+0530,550958,18,en,Holy Lands,2019-01-16
2019-01-29T11:39:52.000+0530,509730,16,en,The Queen's Corgi,2019-02-15
2019-01-29T11:39:52.000+0530,509730,35,en,The Queen's Corgi,2019-02-15
2019-01-29T11:39:52.000+0530,509730,10751,en,The Queen's Corgi,2019-02-15
2019-01-29T11:39:52.000+0530,566061,99,en,Cold Case Hammarskjöld,2019-02-07
2019-01-29T11:39:52.000+0530,534338,18,en,An Interview with God,2019-08-20
2019-01-29T11:39:52.000+0530,381004,878,en,Timeliner,2019-02-08
2019-01-29T11:39:52.000+0530,381004,28,en,Timeliner,2019-02-08
2019-01-29T11:39:52.000+0530,576235,10749,tl,Elise,2019-02-06
2019-01-29T11:39:52.000+0530,499726,35,fr,MILF,2019-05-02
2019-01-29T11:39:52.000+0530,544514,10751,nl,Circus Noël,2019-02-14
2019-01-29T11:39:52.000+0530,544514,10749,nl,Circus Noël,2019-02-14
2019-01-29T11:39:52.000+0530,528594,27,en,Dawn Breaks Behind the Eyes,2019-02-14
2019-01-29T11:39:52.000+0530,528594,9648,en,Dawn Breaks Behind the Eyes,2019-02-14
2019-01-29T11:39:52.000+0530,528594,35,en,Dawn Breaks Behind the Eyes,2019-02-14
2019-01-29T11:39:52.000+0530,528594,10749,en,Dawn Breaks Behind the Eyes,2019-02-14
2019-01-29T11:39:52.000+0530,578120,16,zh,Peppa Celebrates Chinese New Year,2019-02-05
2019-01-29T11:39:52.000+0530,578120,10751,zh,Peppa Celebrates Chinese New Year,2019-02-05
2019-01-29T11:39:52.000+0530,507990,18,en,Run the Race,2019-02-22
2019-01-29T11:39:52.000+0530,544504,35,fr,"Moi, Maman, ma mère et moi",2019-02-13
2019-01-29T11:39:52.000+0530,544504,18,fr,"Moi, Maman, ma mère et moi",2019-02-13
2019-01-29T11:39:52.000+0530,570086,10751,nl,Brugklas - de tijd van m'n leven,2019-02-07
2019-01-29T11:39:52.000+0530,570086,18,nl,Brugklas - de tijd van m'n leven,2019-02-07
2019-01-29T11:39:52.000+0530,570086,10749,nl,Brugklas - de tijd van m'n leven,2019-02-07
2019-01-29T11:39:52.000+0530,552876,18,fa,"Rona, Madar-e Azim",2019-10-06
2019-01-29T11:39:52.000+0530,564181,878,ml,9,2019-02-07
2019-01-29T11:39:52.000+0530,548925,18,fr,Une colonie,2019-09-15
2019-01-29T11:39:52.000+0530,471506,53,en,Greta,2019-02-21
2019-01-29T11:39:52.000+0530,471506,18,en,Greta,2019-02-21
2019-01-29T11:39:52.000+0530,570657,35,ru,Громкая связь,2019-02-14
2019-01-29T11:39:52.000+0530,574037,35,zh,疯狂的外星人,2019-02-05
2019-01-29T11:39:52.000+0530,574037,878,zh,疯狂的外星人,2019-02-05
2019-01-29T11:39:52.000+0530,496237,18,ml,Zam Zam,2019-02-22
2019-01-29T11:39:52.000+0530,496237,35,ml,Zam Zam,2019-02-22
2019-01-29T11:39:52.000+0530,576404,18,ja,きみの鳥はうたえる,2019-02-10
2019-01-29T11:39:52.000+0530,528932,99,en,Tackling Life,2019-02-10
2019-01-29T11:39:52.000+0530,535526,18,id,Antologi Rasa,2019-02-14
2019-01-29T11:39:52.000+0530,535526,10749,id,Antologi Rasa,2019-02-14
2019-01-29T11:39:52.000+0530,432011,28,ta,Super Deluxe,2019-02-22
2019-01-29T11:39:52.000+0530,432011,80,ta,Super Deluxe,2019-02-22
2019-01-29T11:39:52.000+0530,474944,10752,it,Una questione privata,2017-11-01
2019-01-29T11:39:52.000+0530,493014,99,en,Generation Wealth,2019-07-20
2019-01-29T11:39:52.000+0530,569071,18,pt,Minha Fama de Mau,2019-02-14
2019-01-29T11:39:52.000+0530,499170,14,en,Harmony,2019-10-04
2019-01-29T11:39:52.000+0530,499170,10749,en,Harmony,2019-10-04
2019-01-29T11:39:52.000+0530,499170,53,en,Harmony,2019-10-04
2019-01-29T11:39:52.000+0530,537875,18,zh,撞死了一只羊,2019-12-01
2019-01-29T11:39:52.000+0530,574436,18,it,La paranza dei bambini,2019-02-14
2019-01-29T11:39:52.000+0530,377281,35,sv,Amatörer,2019-03-16
2019-01-29T11:39:52.000+0530,575351,10751,ml,കുമ്പളങ്ങി നൈറ്റ്‌സ്,2019-02-07
2019-01-29T11:39:52.000+0530,444400,18,pl,Twarz,2019-03-08
2019-01-29T11:39:52.000+0530,444400,35,pl,Twarz,2019-03-08
2019-01-29T11:39:52.000+0530,551688,35,hi,Mental Hai Kya,2019-02-22
2019-01-29T11:39:52.000+0530,551688,18,hi,Mental Hai Kya,2019-02-22
2019-01-29T11:39:52.000+0530,436387,80,de,Abgeschnitten,2019-10-11
2019-01-29T11:39:52.000+0530,436387,53,de,Abgeschnitten,2019-10-11
2019-01-29T11:39:52.000+0530,436387,27,de,Abgeschnitten,2019-10-11
2019-01-29T11:39:52.000+0530,436387,28,de,Abgeschnitten,2019-10-11
2019-01-29T11:39:52.000+0530,436387,9648,de,Abgeschnitten,2019-10-11
2019-01-29T11:39:52.000+0530,566369,878,zh,动物出击,2019-02-05
2019-01-29T11:39:52.000+0530,566369,14,zh,动物出击,2019-02-05
2019-01-29T11:39:52.000+0530,566369,10751,zh,动物出击,2019-02-05
2019-01-29T11:39:52.000+0530,500909,36,ro,Îmi este indiferent dacă în istorie vom intra ca barbari,2019-09-28
2019-01-29T11:39:52.000+0530,500909,18,ro,Îmi este indiferent dacă în istorie vom intra ca barbari,2019-09-28
2019-01-29T11:39:52.000+0530,500909,35,ro,Îmi este indiferent dacă în istorie vom intra ca barbari,2019-09-28
2019-01-29T11:39:52.000+0530,520576,10749,ja,恋は雨上がりのように,2019-05-25
2019-01-29T11:39:52.000+0530,520576,18,ja,恋は雨上がりのように,2019-05-25
2019-01-29T11:39:52.000+0530,573440,35,fr,La Position d'Andromaque,2019-02-06
2019-01-29T11:39:52.000+0530,554814,35,ja,翔んで埼玉,2019-02-22
2019-01-29T11:39:52.000+0530,440630,35,ru,Лёд,2019-02-14
2019-01-29T11:39:52.000+0530,440630,10749,ru,Лёд,2019-02-14
2019-01-29T11:39:52.000+0530,440630,18,ru,Лёд,2019-02-14
2019-01-29T11:39:52.000+0530,575138,35,zh,新喜剧之王,2019-02-05
2019-01-29T11:39:52.000+0530,502193,53,af,Nommer 37,2019-06-01
2019-01-29T11:39:52.000+0530,576748,10749,tl,Hanggang Kailan?,2019-02-06
2019-01-29T11:39:52.000+0530,518031,35,ru,Семь ужинов,2019-02-14
2019-01-29T11:39:52.000+0530,573042,35,de,Sweethearts,2019-02-14
2019-01-29T11:39:52.000+0530,573042,28,de,Sweethearts,2019-02-14
2019-01-29T11:39:52.000+0530,541642,35,nl,Verliefd op Cuba,2019-02-14
2019-01-29T11:39:52.000+0530,541642,10749,nl,Verliefd op Cuba,2019-02-14
2019-01-29T11:39:52.000+0530,530957,18,ta,கண்ணே கலைமானே,2019-02-14
2019-01-29T11:39:52.000+0530,530957,10751,ta,கண்ணே கலைமானே,2019-02-14
2019-01-29T11:39:52.000+0530,530957,10749,ta,கண்ணே கலைமானே,2019-02-14
2019-01-29T11:39:52.000+0530,571650,80,fr,Paradise Beach,2019-02-20
2019-01-29T11:39:52.000+0530,571650,53,fr,Paradise Beach,2019-02-20
2019-01-29T11:39:52.000+0530,571650,28,fr,Paradise Beach,2019-02-20
2019-01-29T11:39:52.000+0530,552717,18,ja,ねことじいちゃん,2019-02-22
2019-01-29T11:39:52.000+0530,573438,16,fr,Mango,2019-02-06
2019-01-29T11:39:52.000+0530,573438,10751,fr,Mango,2019-02-06
2019-01-29T11:39:52.000+0530,554855,18,fr,Les Drapeaux de papier,2019-02-13
2019-01-29T11:39:52.000+0530,466622,28,en,The Rhythm Section,2019-02-22
2019-01-29T11:39:52.000+0530,466622,9648,en,The Rhythm Section,2019-02-22
2019-01-29T11:39:52.000+0530,466622,53,en,The Rhythm Section,2019-02-22
2019-01-29T11:39:52.000+0530,517978,18,af,Die Stropers,2019-05-13
2019-01-29T11:39:52.000+0530,556509,9648,ko,사바하,2019-02-20
2019-01-29T11:39:52.000+0530,556509,53,ko,사바하,2019-02-20
2019-01-29T11:39:52.000+0530,482948,18,ja,ビジョン,2019-06-08
2019-01-29T11:39:52.000+0530,571296,35,pl,Planeta Singli 3,2019-02-08
2019-01-29T11:39:52.000+0530,571296,10749,pl,Planeta Singli 3,2019-02-08
2019-01-29T11:39:52.000+0530,547747,18,sv,Goliat,2019-02-14
2019-01-29T11:39:52.000+0530,514266,35,it,Io sono Tempesta,2019-11-22
2019-01-29T11:39:52.000+0530,514266,18,it,Io sono Tempesta,2019-11-22
2019-01-29T11:39:52.000+0530,545836,18,no,Amundsen,2019-02-15
2019-01-29T11:39:52.000+0530,545836,36,no,Amundsen,2019-02-15
2019-01-29T11:39:52.000+0530,489998,18,en,Night Comes On,2019-08-03
2019-01-29T11:39:52.000+0530,544274,18,sv,Fågelfångarens Son,2019-02-07
2019-01-29T11:39:52.000+0530,487611,18,fr,Une Intime Conviction,2019-02-06
2019-01-29T11:39:52.000+0530,535167,878,zh,流浪地球,2019-02-05
2019-01-29T11:39:52.000+0530,564145,16,ru,Снежная Королева: Зазеркалье,2019-12-21
2019-01-29T11:39:52.000+0530,564145,12,ru,Снежная Королева: Зазеркалье,2019-12-21
2019-01-29T11:39:52.000+0530,564145,35,ru,Снежная Королева: Зазеркалье,2019-12-21
2019-01-29T11:39:52.000+0530,564145,10751,ru,Снежная Королева: Зазеркалье,2019-12-21
2019-01-29T11:39:52.000+0530,564145,14,ru,Снежная Королева: Зазеркалье,2019-12-21
2019-01-29T11:39:52.000+0530,558095,18,en,All Is True,2019-12-21
2019-01-29T11:39:52.000+0530,505739,10752,ta,வீரமாதேவி,2019-02-17
2019-01-29T11:39:52.000+0530,505739,36,ta,வீரமாதேவி,2019-02-17
2019-01-29T11:39:52.000+0530,505739,18,ta,வீரமாதேவி,2019-02-17
2019-01-29T11:39:52.000+0530,525107,10749,es,EN TU PIEL,2019-02-14
2019-01-29T11:39:52.000+0530,525107,18,es,EN TU PIEL,2019-02-14
2019-01-29T11:39:52.000+0530,505432,10749,ml,ഒരു അഡാർ ലവ്,2019-02-14
2019-01-29T11:39:52.000+0530,505432,35,ml,ഒരു അഡാർ ലവ്,2019-02-14
2019-01-29T11:39:52.000+0530,537526,9648,zh,幻土,2019-02-21
2019-01-29T11:39:52.000+0530,484468,53,fr,Le chant du loup,2019-02-20
2019-01-29T11:39:52.000+0530,484468,18,fr,Le chant du loup,2019-02-20
2019-01-29T11:39:52.000+0530,528644,16,en,Bilby,2019-02-22
2019-01-29T11:39:52.000+0530,528644,35,en,Bilby,2019-02-22
2019-01-29T11:39:52.000+0530,528644,10751,en,Bilby,2019-02-22
2019-01-29T11:39:52.000+0530,528644,12,en,Bilby,2019-02-22
2019-01-29T11:39:52.000+0530,538564,35,ja,トラさん,2019-02-15
2019-01-29T11:39:52.000+0530,538564,14,ja,トラさん,2019-02-15
2019-01-29T11:39:52.000+0530,538564,10751,ja,トラさん,2019-02-15
2019-01-29T11:39:52.000+0530,532100,99,en,Merata: How Mum Decolonised the Screen,2019-02-10
2019-01-29T11:39:52.000+0530,459992,35,en,Flarsky,2019-02-08
2019-01-29T11:39:52.000+0530,475215,16,ja,未来のミライ,2019-07-20
2019-01-29T11:39:52.000+0530,475215,14,ja,未来のミライ,2019-07-20
2019-01-29T11:39:52.000+0530,475215,12,ja,未来のミライ,2019-07-20
2019-01-29T11:39:52.000+0530,475215,10751,ja,未来のミライ,2019-07-20
2019-01-29T11:39:52.000+0530,440528,53,en,Dual Mania,2019-02-15
2019-01-29T11:39:52.000+0530,542828,35,fr,Deux Fils,2019-02-13
2019-01-29T11:39:52.000+0530,542828,18,fr,Deux Fils,2019-02-13
2019-01-29T11:39:52.000+0530,423612,36,de,Werk ohne Autor,2019-10-03
2019-01-29T11:39:52.000+0530,423612,18,de,Werk ohne Autor,2019-10-03
2019-01-29T11:39:52.000+0530,500890,18,ja,Ramen Teh,2019-03-29
2019-01-29T11:39:52.000+0530,480527,18,en,Roads,2019-02-21
2019-01-29T11:39:52.000+0530,491625,10751,hi,Gully Boy,2019-02-14
2019-01-29T11:39:52.000+0530,491625,12,hi,Gully Boy,2019-02-14
2019-01-29T11:39:52.000+0530,491625,35,hi,Gully Boy,2019-02-14
2019-01-29T11:39:52.000+0530,517940,18,it,Euforia,2019-10-25
2019-01-29T11:39:52.000+0530,510456,35,fr,Chacun pour tous,2019-10-31
2019-01-29T11:39:52.000+0530,515353,16,fr,Funan,2019-02-07
2019-01-29T11:39:52.000+0530,497536,14,th,๙ ศาสตรา,2019-01-11
2019-01-29T11:39:52.000+0530,497536,16,th,๙ ศาสตรา,2019-01-11
2019-01-29T11:39:52.000+0530,453755,53,en,Arctic,2019-10-01
2019-01-29T11:39:52.000+0530,453755,18,en,Arctic,2019-10-01
2019-01-29T11:39:52.000+0530,566215,99,fi,The Magic Life of V,2019-02-10
2019-01-29T11:39:52.000+0530,514619,35,en,Nobody's Fool,2019-11-02
2019-01-29T11:39:52.000+0530,520552,18,ru,Тобол,2019-02-21
2019-01-29T11:39:52.000+0530,520552,36,ru,Тобол,2019-02-21
2019-01-29T11:39:52.000+0530,540141,16,ja,劇場版シティーハンター,2019-02-08
2019-01-29T11:39:52.000+0530,540141,28,ja,劇場版シティーハンター,2019-02-08
2019-01-29T11:39:52.000+0530,540141,35,ja,劇場版シティーハンター,2019-02-08
2019-01-29T11:39:52.000+0530,540141,80,ja,劇場版シティーハンター,2019-02-08
2019-01-29T11:39:52.000+0530,486898,18,zh,地球最后的夜晚,2019-10-07
2019-01-29T11:39:52.000+0530,486898,9648,zh,地球最后的夜晚,2019-10-07
2019-01-29T11:39:52.000+0530,510452,35,fr,All Inclusive,2019-02-13
2019-01-29T11:39:52.000+0530,491474,18,en,Skate Kitchen,2019-08-10
2019-01-30T11:39:52.000+0530,543495,18,en,Empty By Design,2019-02-05
2019-01-30T11:39:52.000+0530,558244,18,ru,Последнее испытание,2019-02-07
2019-01-30T11:39:52.000+0530,558244,28,ru,Последнее испытание,2019-02-07
2019-01-30T11:39:52.000+0530,553641,18,en,Black Garden,2019-02-07
2019-01-30T11:39:52.000+0530,497089,35,de,Glück ist was für Weicheier,2019-02-07
2019-01-30T11:39:52.000+0530,438674,18,en,Dragged Across Concrete,2019-10-16
2019-01-30T11:39:52.000+0530,438674,80,en,Dragged Across Concrete,2019-10-16
2019-01-30T11:39:52.000+0530,438674,28,en,Dragged Across Concrete,2019-10-16
2019-01-30T11:39:52.000+0530,438674,53,en,Dragged Across Concrete,2019-10-16
2019-01-30T11:39:52.000+0530,546549,18,fr,Les météorites,2019-02-06
2019-01-30T11:39:52.000+0530,463116,35,uk,Викрадена принцеса: Руслан і Людмила,2019-03-07
2019-01-30T11:39:52.000+0530,463116,16,uk,Викрадена принцеса: Руслан і Людмила,2019-03-07
2019-01-30T11:39:52.000+0530,463116,12,uk,Викрадена принцеса: Руслан і Людмила,2019-03-07
2019-01-30T11:39:52.000+0530,470918,18,en,Beast,2019-04-18
2019-01-30T11:39:52.000+0530,470918,53,en,Beast,2019-04-18
2019-01-30T11:39:52.000+0530,470918,9648,en,Beast,2019-04-18
2019-01-30T11:39:52.000+0530,470918,80,en,Beast,2019-04-18
2019-01-30T11:39:52.000+0530,548932,18,ja,あの日のオルガン,2019-02-02
2019-01-30T11:39:52.000+0530,491854,28,id,Foxtrot Six,2019-02-21
2019-01-30T11:39:52.000+0530,491854,878,id,Foxtrot Six,2019-02-21
2019-01-30T11:39:52.000+0530,513349,53,ru,Завод,2019-02-07
2019-01-30T11:39:52.000+0530,513349,18,ru,Завод,2019-02-07
2019-01-30T11:39:52.000+0530,513349,80,ru,Завод,2019-02-07
2019-01-30T11:39:52.000+0530,516788,35,it,Il Tuttofare,2019-04-19
2019-01-30T11:39:52.000+0530,305091,99,en,That Sugar Film,2014-07-31
2019-01-30T11:39:52.000+0530,577538,27,id,Tembang Lingsir,2019-01-31
2019-01-30T11:39:52.000+0530,577713,35,id,PSP: Gaya Mahasiswa,2019-01-31
2019-01-30T11:39:52.000+0530,577714,80,ja,赤い雪 Red Snow,2019-02-01
2019-01-30T11:39:52.000+0530,577714,9648,ja,赤い雪 Red Snow,2019-02-01
2019-01-30T11:39:52.000+0530,543711,18,en,Carmen - Met Opera Live,2019-02-02
2019-01-30T11:39:52.000+0530,482981,10402,en,Wild Rose,2019-02-08
2019-01-30T11:39:52.000+0530,482981,35,en,Wild Rose,2019-02-08
2019-01-30T11:39:52.000+0530,482981,18,en,Wild Rose,2019-02-08
2019-01-30T11:39:52.000+0530,438146,18,es,Pájaros de verano,2019-08-02
2019-01-30T11:39:52.000+0530,438146,80,es,Pájaros de verano,2019-08-02
2019-01-30T11:39:52.000+0530,476928,10749,en,What About Love,2019-02-15
2019-01-30T11:39:52.000+0530,476928,18,en,What About Love,2019-02-15
2019-01-30T11:39:52.000+0530,519185,18,kk,Ayka,2019-01-16
2019-01-30T11:39:52.000+0530,480100,27,en,Nightmare Cinema,2019-02-14
2019-01-30T11:39:52.000+0530,504599,18,en,Donnybrook,2019-02-15
2019-01-30T11:39:52.000+0530,521714,36,te,Yatra,2019-02-08
2019-01-30T11:39:52.000+0530,459616,35,fr,Alad'2,2019-10-03
2019-01-30T11:39:52.000+0530,491480,18,en,The Boy Who Harnessed the Wind,2019-02-10
2019-01-30T11:39:52.000+0530,486269,10749,en,Under the Eiffel Tower,2019-02-08
2019-01-30T11:39:52.000+0530,543636,18,fr,Tout ce qu'il me reste de la révolution,2019-02-06
2019-01-30T11:39:52.000+0530,507505,80,es,El ángel,2019-08-09
2019-01-30T11:39:52.000+0530,507505,18,es,El ángel,2019-08-09
2019-01-30T11:39:52.000+0530,482710,18,fr,La Dernière folie de Claire Darling,2019-02-06
2019-01-30T11:39:52.000+0530,394830,9648,en,The Crucifixion,2017-04-27
2019-01-30T11:39:52.000+0530,394830,27,en,The Crucifixion,2017-04-27
2019-01-30T11:39:52.000+0530,394830,53,en,The Crucifixion,2017-04-27
2019-01-30T11:39:52.000+0530,469274,12,fr,Nicky Larson et le Parfum de Cupidon,2019-02-06
2019-01-30T11:39:52.000+0530,469274,35,fr,Nicky Larson et le Parfum de Cupidon,2019-02-06
2019-01-30T11:39:52.000+0530,496076,10749,hi,Zero,2019-12-21
2019-01-30T11:39:52.000+0530,496076,18,hi,Zero,2019-12-21
2019-01-30T11:39:52.000+0530,496076,35,hi,Zero,2019-12-21
2019-01-30T11:39:52.000+0530,427348,53,fr,Carbone,2017-11-01
2019-01-30T11:39:52.000+0530,427348,80,fr,Carbone,2017-11-01
2019-01-30T11:39:52.000+0530,512412,80,en,Backtrace,2019-12-14
2019-01-30T11:39:52.000+0530,512412,18,en,Backtrace,2019-12-14
2019-01-30T11:39:52.000+0530,337676,10749,fr,"Mektoub, My Love: Canto Uno",2019-03-15
2019-01-30T11:39:52.000+0530,337676,18,fr,"Mektoub, My Love: Canto Uno",2019-03-15
2019-01-30T11:39:52.000+0530,535692,35,es,Mi obra maestra,2019-08-14
2019-01-30T11:39:52.000+0530,271706,16,zh,大魚海棠,2016-07-08
2019-01-30T11:39:52.000+0530,271706,12,zh,大魚海棠,2016-07-08
2019-01-30T11:39:52.000+0530,271706,14,zh,大魚海棠,2016-07-08
2019-01-30T11:39:52.000+0530,568856,27,hi,Amavas,2019-02-01
2019-01-30T11:39:52.000+0530,504437,10751,ta,சர்வம் தாளமயம்,2019-02-01
2019-01-30T11:39:52.000+0530,504437,10402,ta,சர்வம் தாளமயம்,2019-02-01
2019-01-30T11:39:52.000+0530,504437,18,ta,சர்வம் தாளமயம்,2019-02-01
2019-01-30T11:39:52.000+0530,389218,18,en,Nuestro tiempo,2019-01-17
2019-01-30T11:39:52.000+0530,570168,18,de,Unheimlich perfekte Freunde,2019-02-01
2019-01-30T11:39:52.000+0530,449563,35,en,Isn't It Romantic,2019-02-14
2019-01-30T11:39:52.000+0530,449563,14,en,Isn't It Romantic,2019-02-14
2019-01-31T11:39:52.000+0530,449563,10749,en,Isn't It Romantic,2019-02-14
2019-01-31T11:39:52.000+0530,378107,16,pl,Another Day of Life,2019-10-26
2019-01-31T11:39:52.000+0530,378107,99,pl,Another Day of Life,2019-10-26
2019-01-31T11:39:52.000+0530,378107,36,pl,Another Day of Life,2019-10-26
2019-01-31T11:39:52.000+0530,487004,35,fr,"Les dents, pipi et au lit",2019-03-28
2019-01-31T11:39:52.000+0530,468198,18,it,The Place,2017-11-04
2019-01-31T11:39:52.000+0530,532671,27,en,The Prodigy,2019-02-07
2019-01-31T11:39:52.000+0530,512901,28,zh,神探蒲松龄,2019-02-05
2019-01-31T11:39:52.000+0530,512901,14,zh,神探蒲松龄,2019-02-05
2019-01-31T11:39:52.000+0530,577205,16,ko,극장판 헬로카봇: 옴파로스 섬의 비밀,2019-01-31
2019-01-31T11:39:52.000+0530,577205,12,ko,극장판 헬로카봇: 옴파로스 섬의 비밀,2019-01-31
2019-01-31T11:39:52.000+0530,577205,10751,ko,극장판 헬로카봇: 옴파로스 섬의 비밀,2019-01-31
2019-01-31T11:39:52.000+0530,577205,878,ko,극장판 헬로카봇: 옴파로스 섬의 비밀,2019-01-31
2019-01-31T11:39:52.000+0530,577312,18,fa,Gold Carrier,2019-01-30
2019-01-31T11:39:52.000+0530,577314,18,fa,Darkhoongah,2019-01-30
2019-01-31T11:39:52.000+0530,577346,99,fi,Neljäs seinä,2019-01-31
2019-01-31T11:39:52.000+0530,577347,99,en,Love the Most,2019-01-31
2019-01-31T11:39:52.000+0530,577351,99,en,It's Not Silence,2019-01-31
2019-01-31T11:39:52.000+0530,39207,16,ja,名探偵コナン 戦慄の楽譜（フルスコア）,2019-04-19
2019-01-31T11:39:52.000+0530,39207,28,ja,名探偵コナン 戦慄の楽譜（フルスコア）,2019-04-19
2019-01-31T11:39:52.000+0530,39207,80,ja,名探偵コナン 戦慄の楽譜（フルスコア）,2019-04-19
2019-01-31T11:39:52.000+0530,39207,9648,ja,名探偵コナン 戦慄の楽譜（フルスコア）,2019-04-19
2019-01-31T11:39:52.000+0530,573718,35,de,Love Machine,2019-02-01
2019-01-31T11:39:52.000+0530,552686,9648,ja,七つの会議,2019-02-01
2019-01-31T11:39:52.000+0530,493099,99,en,RBG,2019-05-04
2019-01-31T11:39:52.000+0530,401686,18,en,"Berlin, I Love You",2019-02-08
2019-01-31T11:39:52.000+0530,471507,53,en,Destroyer,2019-09-07
2019-01-31T11:39:52.000+0530,471507,80,en,Destroyer,2019-09-07
2019-01-31T11:39:52.000+0530,471507,18,en,Destroyer,2019-09-07
2019-01-31T11:39:52.000+0530,510284,53,en,Braid,2019-01-10
2019-01-31T11:39:52.000+0530,510284,18,en,Braid,2019-01-10
2019-01-31T11:39:52.000+0530,510284,27,en,Braid,2019-01-10
2019-01-31T11:39:52.000+0530,517543,35,ru,Как я стал русским,2019-01-25
2019-01-31T11:39:52.000+0530,571263,35,ru,Бабушка лёгкого поведения 2. Престарелые Мстители,2019-01-24
2019-01-31T11:39:52.000+0530,498248,12,fr,Mia et le lion blanc,2019-12-26
2019-01-31T11:39:52.000+0530,475094,10752,de,Der Hauptmann,2017-09-21
2019-01-31T11:39:52.000+0530,475094,18,de,Der Hauptmann,2017-09-21
2019-01-31T11:39:52.000+0530,475094,36,de,Der Hauptmann,2017-09-21
2019-01-31T11:39:52.000+0530,418472,18,tr,Ahlat Ağacı,2019-06-01
2019-01-31T11:39:52.000+0530,416194,18,no,Skjelvet,2019-08-31
2019-01-31T11:39:52.000+0530,416194,28,no,Skjelvet,2019-08-31
2019-01-31T11:39:52.000+0530,416194,53,no,Skjelvet,2019-08-31
2019-01-31T11:39:52.000+0530,424651,35,en,Untogether,2019-02-08
2019-01-31T11:39:52.000+0530,424651,18,en,Untogether,2019-02-08
2019-01-31T11:39:52.000+0530,515916,18,nl,Girl,2019-09-27
2019-01-31T11:39:52.000+0530,351044,18,en,Welcome to Marwen,2019-12-21
2019-01-31T11:39:52.000+0530,351044,35,en,Welcome to Marwen,2019-12-21
2019-01-31T11:39:52.000+0530,351044,14,en,Welcome to Marwen,2019-12-21
2019-01-31T11:39:52.000+0530,351044,16,en,Welcome to Marwen,2019-12-21
2019-01-31T11:39:52.000+0530,433288,18,en,1%,2019-02-01
2019-01-31T11:39:52.000+0530,492452,18,en,Ben Is Back,2019-12-05
2019-01-31T11:39:52.000+0530,570092,99,fi,Olliver Hawk,2019-01-31
2019-01-31T11:39:52.000+0530,570092,36,fi,Olliver Hawk,2019-01-31
2019-01-31T11:39:52.000+0530,572208,35,cs,Ženy v běhu,2019-01-31
2019-01-31T11:39:52.000+0530,576422,35,zh,恭喜八婆,2019-01-31
2019-01-31T11:39:52.000+0530,533148,10749,hi,Ek Ladki Ko Dekha Toh Aisa Laga,2019-02-01
2019-01-31T11:39:52.000+0530,533148,18,hi,Ek Ladki Ko Dekha Toh Aisa Laga,2019-02-01
2019-01-31T11:39:52.000+0530,533148,35,hi,Ek Ladki Ko Dekha Toh Aisa Laga,2019-02-01
2019-01-31T11:39:52.000+0530,565214,28,en,The Tracker,2019-02-01
2019-01-31T11:39:52.000+0530,565214,53,en,The Tracker,2019-02-01
2019-01-31T11:39:52.000+0530,339380,18,en,On the Basis of Sex,2019-12-25
2019-01-31T11:39:52.000+0530,339380,36,en,On the Basis of Sex,2019-12-25
2019-01-31T11:39:52.000+0530,546765,18,ja,雪の華,2019-02-01
2019-01-31T11:39:52.000+0530,417812,18,en,Wildlife,2019-09-23
2019-01-31T11:39:52.000+0530,555657,35,es,Bajo el mismo techo,2019-02-01
2019-01-31T11:39:52.000+0530,512196,27,en,Happy Death Day 2U,2019-02-13
2019-01-31T11:39:52.000+0530,512196,9648,en,Happy Death Day 2U,2019-02-13
2019-01-31T11:39:52.000+0530,512196,53,en,Happy Death Day 2U,2019-02-13
2019-01-31T11:39:52.000+0530,375785,18,en,Then Came You,2019-02-01
2019-01-31T11:39:52.000+0530,375785,12,en,Then Came You,2019-02-01
2019-01-31T11:39:52.000+0530,375785,35,en,Then Came You,2019-02-01
2019-01-31T11:39:52.000+0530,434555,27,en,The Possession of Hannah Grace,2019-08-23
2019-01-31T11:39:52.000+0530,434555,9648,en,The Possession of Hannah Grace,2019-08-23
2019-01-31T11:39:52.000+0530,434555,53,en,The Possession of Hannah Grace,2019-08-23
2019-01-31T11:39:52.000+0530,426249,18,en,Lords of Chaos,2019-02-08
2019-01-31T11:39:52.000+0530,426249,27,en,Lords of Chaos,2019-02-08
2019-01-31T11:39:52.000+0530,426249,53,en,Lords of Chaos,2019-02-08
2019-01-31T11:39:52.000+0530,572667,35,id,Terlalu Tampan,2019-01-31
2019-01-31T11:39:52.000+0530,572667,18,id,Terlalu Tampan,2019-01-31
2019-01-31T11:39:52.000+0530,438650,53,en,Cold Pursuit,2019-02-07
2019-01-31T11:39:52.000+0530,438650,28,en,Cold Pursuit,2019-02-07
2019-01-31T11:39:52.000+0530,438650,18,en,Cold Pursuit,2019-02-07
2019-01-31T11:39:52.000+0530,532908,99,en,Fahrenheit 11/9,2019-09-10
2019-01-31T11:39:52.000+0530,527261,27,en,The Silence,2019-01-31
2019-01-31T11:39:52.000+0530,487297,35,en,What Men Want,2019-02-08
2019-01-31T11:39:52.000+0530,487297,14,en,What Men Want,2019-02-08
2019-01-31T11:39:52.000+0530,487297,10749,en,What Men Want,2019-02-08
2019-01-31T11:39:52.000+0530,532869,18,ta,NGK,2019-01-31
2019-01-31T11:39:52.000+0530,491418,35,en,Instant Family,2019-11-16
2019-01-31T11:39:52.000+0530,491418,18,en,Instant Family,2019-11-16
2019-01-31T11:39:52.000+0530,491418,10751,en,Instant Family,2019-11-16
2019-01-31T11:39:52.000+0530,565179,36,la,Il Primo Re,2019-01-31
2019-01-31T11:39:52.000+0530,565179,28,la,Il Primo Re,2019-01-31
2019-01-31T11:39:52.000+0530,574883,53,en,An Affair to Die For,2019-02-01
2019-01-31T11:39:52.000+0530,514933,53,ru,Русский Бес,2019-01-31
2019-01-31T11:39:52.000+0530,514933,35,ru,Русский Бес,2019-01-31
2019-01-31T11:39:52.000+0530,514933,18,ru,Русский Бес,2019-01-31
2019-01-31T11:39:52.000+0530,517814,18,ar,کفرناحوم,2019-10-06
2019-01-31T11:39:52.000+0530,476667,18,fr,Les Éléphants Perdus,2019-01-30
2019-01-31T11:39:52.000+0530,476667,35,fr,Les Éléphants Perdus,2019-01-30
2019-01-31T11:39:52.000+0530,576741,35,en,'Tol,2019-01-30
2019-01-31T11:39:52.000+0530,568413,99,fr,"Fahavalo, Madagascar 1947",2019-01-30
2019-01-31T11:39:52.000+0530,574467,18,fa,The Warden,2019-01-30
2019-01-31T11:39:52.000+0530,574467,9648,fa,The Warden,2019-01-30
2019-01-31T11:39:52.000+0530,574467,10749,fa,The Warden,2019-01-30
2019-01-31T11:39:52.000+0530,491472,18,en,At Eternity's Gate,2019-11-15
2019-01-31T11:39:52.000+0530,565011,99,fr,Le premier mouvement de l'immobile,2019-01-30
2019-01-31T11:39:52.000+0530,575324,28,fa,Ma'koos,2019-01-30
2019-01-31T11:39:52.000+0530,467952,18,en,The Catcher Was a Spy,2019-06-22
2019-01-31T11:39:52.000+0530,467952,10752,en,The Catcher Was a Spy,2019-06-22
2019-01-31T11:39:52.000+0530,467952,53,en,The Catcher Was a Spy,2019-06-22
2019-01-31T11:39:52.000+0530,575337,18,fa,Symphony No. 9,2019-01-30
2019-01-31T11:39:52.000+0530,575337,14,fa,Symphony No. 9,2019-01-30
2019-01-31T11:39:52.000+0530,561882,10751,de,Checker Tobi und das Geheimnis unseres Planeten,2019-01-31
2019-01-31T11:39:52.000+0530,561882,99,de,Checker Tobi und das Geheimnis unseres Planeten,2019-01-31
2019-01-31T11:39:52.000+0530,561882,12,de,Checker Tobi und das Geheimnis unseres Planeten,2019-01-31
2019-01-31T11:39:52.000+0530,530081,18,en,The Man Who Killed Hitler and Then the Bigfoot,2019-02-08
2019-01-31T11:39:52.000+0530,568414,99,fr,Malévoz,2019-01-30
2019-01-31T11:39:52.000+0530,568406,35,fr,À cause des filles… ?,2019-01-30
2019-01-31T11:39:52.000+0530,440444,53,en,Piercing,2019-01-03
2019-01-31T11:39:52.000+0530,440444,27,en,Piercing,2019-01-03
2019-01-31T11:39:52.000+0530,500852,53,en,Miss Bala,2019-02-01
2019-01-31T11:39:52.000+0530,500852,28,en,Miss Bala,2019-02-01
2019-01-31T11:39:52.000+0530,500852,18,en,Miss Bala,2019-02-01
2019-01-31T11:39:52.000+0530,483184,80,it,Dogman,2019-05-17
2019-01-31T11:39:52.000+0530,483184,18,it,Dogman,2019-05-17
2019-01-31T11:39:52.000+0530,483184,53,it,Dogman,2019-05-17
2019-01-31T11:39:52.000+0530,470229,53,en,Summer of 84,2019-08-10
2019-01-31T11:39:52.000+0530,470229,9648,en,Summer of 84,2019-08-10
2019-01-31T11:39:52.000+0530,470229,18,en,Summer of 84,2019-08-10
2019-01-31T11:39:52.000+0530,470229,27,en,Summer of 84,2019-08-10
2019-01-31T11:39:52.000+0530,484638,28,fr,L'Intervention,2019-01-30
2019-01-31T11:39:52.000+0530,484638,18,fr,L'Intervention,2019-01-30
2019-01-31T11:39:52.000+0530,425001,35,en,The War with Grandpa,2019-01-31
2019-01-31T11:39:52.000+0530,425001,10751,en,The War with Grandpa,2019-01-31
2019-01-31T11:39:52.000+0530,568320,80,ko,뺑반,2019-01-30
2019-01-31T11:39:52.000+0530,568320,28,ko,뺑반,2019-01-30
2019-01-31T11:39:52.000+0530,13053,16,en,Bolt,2019-01-29
2019-01-31T11:39:52.000+0530,13053,10751,en,Bolt,2019-01-29
2019-01-31T11:39:52.000+0530,13053,12,en,Bolt,2019-01-29
2019-01-31T11:39:52.000+0530,13053,35,en,Bolt,2019-01-29
2019-01-31T11:39:52.000+0530,542424,18,fr,Ulysse & Mona,2019-01-30
2019-01-31T11:39:52.000+0530,542424,35,fr,Ulysse & Mona,2019-01-30
2019-01-31T11:39:52.000+0530,518731,18,fr,L'amour debout,2019-01-30
2019-01-31T11:39:52.000+0530,424781,14,en,Sorry to Bother You,2019-07-06
2019-01-31T11:39:52.000+0530,424781,878,en,Sorry to Bother You,2019-07-06
2019-01-31T11:39:52.000+0530,424781,35,en,Sorry to Bother You,2019-07-06
2019-01-31T11:39:52.000+0530,460071,80,en,Lizzie,2019-09-14
2019-01-31T11:39:52.000+0530,460071,18,en,Lizzie,2019-09-14
2019-01-31T11:39:52.000+0530,460071,53,en,Lizzie,2019-09-14
2019-01-31T11:39:52.000+0530,505436,35,fr,Qu'est-ce qu'on a encore fait au bon Dieu ?,2019-01-30
2019-01-31T11:39:52.000+0530,485164,18,en,Pearl,2019-01-30
2019-01-31T11:39:52.000+0530,511404,18,fr,Les Estivants,2019-01-30
2019-01-31T11:39:52.000+0530,457041,53,en,Elizabeth Harvest,2019-08-10
2019-01-31T11:39:52.000+0530,457041,878,en,Elizabeth Harvest,2019-08-10
2019-01-31T11:39:52.000+0530,457041,9648,en,Elizabeth Harvest,2019-08-10
2019-01-31T11:39:52.000+0530,513302,16,fr,Minuscule 2 - Les mandibules du bout du monde,2019-01-30
2019-01-31T11:39:52.000+0530,513302,12,fr,Minuscule 2 - Les mandibules du bout du monde,2019-01-30
2019-01-31T11:39:52.000+0530,513302,10751,fr,Minuscule 2 - Les mandibules du bout du monde,2019-01-30
2019-01-31T11:39:52.000+0530,463684,53,en,Velvet Buzzsaw,2019-02-01
2019-01-31T11:39:52.000+0530,463684,9648,en,Velvet Buzzsaw,2019-02-01
2019-01-31T11:39:52.000+0530,463684,27,en,Velvet Buzzsaw,2019-02-01
2019-01-31T11:39:52.000+0530,463684,14,en,Velvet Buzzsaw,2019-02-01
2019-01-31T11:39:52.000+0530,320288,28,en,Dark Phoenix,2019-02-05
2019-01-31T11:39:52.000+0530,320288,878,en,Dark Phoenix,2019-02-05
2019-01-31T11:39:52.000+0530,440298,18,pl,Zimna wojna,2019-06-08
2019-01-31T11:39:52.000+0530,440298,10749,pl,Zimna wojna,2019-06-08
2019-01-31T11:39:52.000+0530,440298,10402,pl,Zimna wojna,2019-06-08
2019-01-31T11:39:52.000+0530,460885,28,en,Mandy,2019-09-13
2019-01-31T11:39:52.000+0530,460885,53,en,Mandy,2019-09-13
2019-01-31T11:39:52.000+0530,460885,27,en,Mandy,2019-09-13
2019-01-31T11:39:52.000+0530,472451,18,en,Boy Erased,2019-09-24
2019-01-31T11:39:52.000+0530,440472,35,en,The Upside,2019-01-10
2019-01-31T11:39:52.000+0530,440472,18,en,The Upside,2019-01-10
2019-01-31T11:39:52.000+0530,440161,35,en,The Sisters Brothers,2019-09-19
2019-01-31T11:39:52.000+0530,440161,18,en,The Sisters Brothers,2019-09-19
2019-01-31T11:39:52.000+0530,440161,37,en,The Sisters Brothers,2019-09-19
2019-01-31T11:39:52.000+0530,401545,18,es,Todos lo saben,2019-05-09
2019-01-31T11:39:52.000+0530,401545,80,es,Todos lo saben,2019-05-09
2019-01-31T11:39:52.000+0530,401545,9648,es,Todos lo saben,2019-05-09
2019-01-31T11:39:52.000+0530,401545,53,es,Todos lo saben,2019-05-09
2019-01-31T11:39:52.000+0530,399579,28,en,Alita: Battle Angel,2019-02-05
2019-01-31T11:39:52.000+0530,399579,878,en,Alita: Battle Angel,2019-02-05
2019-01-31T11:39:52.000+0530,399579,53,en,Alita: Battle Angel,2019-02-05
2019-01-31T11:39:52.000+0530,399579,10749,en,Alita: Battle Angel,2019-02-05
2019-01-31T11:39:52.000+0530,489930,35,en,Blindspotting,2019-07-20
2019-01-31T11:39:52.000+0530,489930,18,en,Blindspotting,2019-07-20
2019-01-31T11:39:52.000+0530,489930,80,en,Blindspotting,2019-07-20
2019-01-31T11:39:52.000+0530,465914,18,en,If Beale Street Could Talk,2019-11-30
2019-01-31T11:39:52.000+0530,465914,10749,en,If Beale Street Could Talk,2019-11-30
2019-01-31T11:39:52.000+0530,280217,28,en,The Lego Movie 2: The Second Part,2019-01-26
2019-01-31T11:39:52.000+0530,280217,12,en,The Lego Movie 2: The Second Part,2019-01-26
2019-01-31T11:39:52.000+0530,280217,16,en,The Lego Movie 2: The Second Part,2019-01-26
2019-01-31T11:39:52.000+0530,280217,35,en,The Lego Movie 2: The Second Part,2019-01-26
2019-01-31T11:39:52.000+0530,280217,10751,en,The Lego Movie 2: The Second Part,2019-01-26
2019-01-31T11:39:52.000+0530,280217,878,en,The Lego Movie 2: The Second Part,2019-01-26
2019-01-31T11:39:52.000+0530,280217,14,en,The Lego Movie 2: The Second Part,2019-01-26
2019-01-31T11:39:52.000+0530,340613,18,en,The Wife,2019-08-02
2019-01-31T11:39:52.000+0530,401847,18,en,Can You Ever Forgive Me?,2019-10-19
2019-01-31T11:39:52.000+0530,401847,35,en,Can You Ever Forgive Me?,2019-10-19
2019-01-31T11:39:52.000+0530,401847,80,en,Can You Ever Forgive Me?,2019-10-19
2019-01-31T11:39:52.000+0530,457136,18,en,Mary Queen of Scots,2019-12-21
2019-01-31T11:39:52.000+0530,457136,36,en,Mary Queen of Scots,2019-12-21
2019-01-31T11:39:52.000+0530,454294,28,en,The Kid Who Would Be King,2019-01-16
2019-01-31T11:39:52.000+0530,454294,12,en,The Kid Who Would Be King,2019-01-16
2019-01-31T11:39:52.000+0530,454294,14,en,The Kid Who Would Be King,2019-01-16
2019-01-31T11:39:52.000+0530,454294,10751,en,The Kid Who Would Be King,2019-01-16
2019-01-31T11:39:52.000+0530,672,12,en,Harry Potter and the Chamber of Secrets,2002-11-13
2019-01-31T11:39:52.000+0530,672,14,en,Harry Potter and the Chamber of Secrets,2002-11-13
2019-01-31T11:39:52.000+0530,672,10751,en,Harry Potter and the Chamber of Secrets,2002-11-13
2019-01-31T11:39:52.000+0530,470044,18,en,The Hate U Give,2019-10-19
2019-01-31T11:39:52.000+0530,470044,80,en,The Hate U Give,2019-10-19
2019-01-31T11:39:52.000+0530,361292,53,en,Suspiria,2019-10-11
2019-01-31T11:39:52.000+0530,361292,9648,en,Suspiria,2019-10-11
2019-01-31T11:39:52.000+0530,361292,18,en,Suspiria,2019-10-11
2019-01-31T11:39:52.000+0530,361292,27,en,Suspiria,2019-10-11
2019-01-31T11:39:52.000+0530,361292,14,en,Suspiria,2019-10-11
2019-01-31T11:39:52.000+0530,451915,18,en,Beautiful Boy,2019-10-12
2019-01-31T11:39:52.000+0530,438808,18,en,White Boy Rick,2019-09-14
2019-01-31T11:39:52.000+0530,438808,80,en,White Boy Rick,2019-09-14
2019-01-31T11:39:52.000+0530,454293,35,en,Night School,2019-09-27
2019-01-31T11:39:52.000+0530,490132,18,en,Green Book,2019-11-16
2019-01-31T11:39:52.000+0530,490132,35,en,Green Book,2019-11-16
2019-01-31T11:39:52.000+0530,426563,9648,en,Holmes & Watson,2019-12-25
2019-01-31T11:39:52.000+0530,426563,12,en,Holmes & Watson,2019-12-25
2019-01-31T11:39:52.000+0530,426563,35,en,Holmes & Watson,2019-12-25
2019-01-31T11:39:52.000+0530,426563,80,en,Holmes & Watson,2019-12-25
2019-01-31T11:39:52.000+0530,375262,18,en,The Favourite,2019-11-20
2019-01-31T11:39:52.000+0530,375262,36,en,The Favourite,2019-11-20
2019-01-31T11:39:52.000+0530,375262,35,en,The Favourite,2019-11-20
2019-01-31T11:39:52.000+0530,429197,18,en,Vice,2019-12-25
2019-01-31T11:39:52.000+0530,429197,36,en,Vice,2019-12-25
2019-01-31T11:39:52.000+0530,429197,35,en,Vice,2019-12-25
2019-01-31T11:39:52.000+0530,404368,10751,en,Ralph Breaks the Internet,2019-11-20
2019-01-31T11:39:52.000+0530,404368,16,en,Ralph Breaks the Internet,2019-11-20
2019-01-31T11:39:52.000+0530,404368,35,en,Ralph Breaks the Internet,2019-11-20
2019-01-31T11:39:52.000+0530,404368,14,en,Ralph Breaks the Internet,2019-11-20
2019-01-31T11:39:52.000+0530,369972,36,en,First Man,2019-10-11
2019-01-31T11:39:52.000+0530,369972,18,en,First Man,2019-10-11
2019-01-31T11:39:52.000+0530,503616,10749,en,Second Act,2019-11-22
2019-01-31T11:39:52.000+0530,503616,35,en,Second Act,2019-11-22
2019-01-31T11:39:52.000+0530,166428,16,en,How to Train Your Dragon: The Hidden World,2019-01-03
2019-01-31T11:39:52.000+0530,166428,10751,en,How to Train Your Dragon: The Hidden World,2019-01-03
2019-01-31T11:39:52.000+0530,166428,12,en,How to Train Your Dragon: The Hidden World,2019-01-03
2019-01-31T11:39:52.000+0530,400650,14,en,Mary Poppins Returns,2019-12-19
2019-01-31T11:39:52.000+0530,400650,10751,en,Mary Poppins Returns,2019-12-19
2019-01-31T11:39:52.000+0530,400650,35,en,Mary Poppins Returns,2019-12-19
2019-01-31T11:39:52.000+0530,504172,80,en,The Mule,2019-12-14
2019-01-31T11:39:52.000+0530,504172,18,en,The Mule,2019-12-14
2019-01-31T11:39:52.000+0530,504172,53,en,The Mule,2019-12-14
2019-01-31T11:39:52.000+0530,522681,27,en,Escape Room,2019-01-03
2019-01-31T11:39:52.000+0530,522681,53,en,Escape Room,2019-01-03
2019-01-31T11:39:52.000+0530,522681,28,en,Escape Room,2019-01-03
2019-01-31T11:39:52.000+0530,480530,18,en,Creed II,2019-11-21
2019-01-31T11:39:52.000+0530,480530,28,en,Creed II,2019-11-21
2019-01-31T11:39:52.000+0530,503314,28,ja,ドラゴンボール超スーパー ブロリー,2019-12-14
2019-01-31T11:39:52.000+0530,503314,16,ja,ドラゴンボール超スーパー ブロリー,2019-12-14
2019-01-31T11:39:52.000+0530,503314,878,ja,ドラゴンボール超スーパー ブロリー,2019-12-14
2019-01-31T11:39:52.000+0530,297802,28,en,Aquaman,2019-12-07
2019-01-31T11:39:52.000+0530,297802,14,en,Aquaman,2019-12-07
2019-01-31T11:39:52.000+0530,297802,878,en,Aquaman,2019-12-07
2019-01-31T11:39:52.000+0530,297802,12,en,Aquaman,2019-12-07
2019-01-31T11:39:52.000+0530,503616,10749,en,Second Act,2019-11-22
2019-01-31T11:39:52.000+0530,503616,35,en,Second Act,2019-11-22
2019-01-31T11:39:52.000+0530,166428,16,en,How to Train Your Dragon: The Hidden World,2019-01-03
2019-01-31T11:39:52.000+0530,166428,10751,en,How to Train Your Dragon: The Hidden World,2019-01-03
2019-01-31T11:39:52.000+0530,166428,12,en,How to Train Your Dragon: The Hidden World,2019-01-03
2019-01-31T11:39:52.000+0530,400650,14,en,Mary Poppins Returns,2019-12-19
2019-01-31T11:39:52.000+0530,400650,10751,en,Mary Poppins Returns,2019-12-19
2019-01-31T11:39:52.000+0530,400650,35,en,Mary Poppins Returns,2019-12-19
2019-01-31T11:39:52.000+0530,504172,80,en,The Mule,2019-12-14
2019-01-31T11:39:52.000+0530,504172,18,en,The Mule,2019-12-14
2019-01-31T11:39:52.000+0530,504172,53,en,The Mule,2019-12-14
2019-01-31T11:39:52.000+0530,522681,27,en,Escape Room,2019-01-03
2019-01-31T11:39:52.000+0530,522681,53,en,Escape Room,2019-01-03
2019-01-31T11:39:52.000+0530,522681,28,en,Escape Room,2019-01-03
2019-01-31T11:39:52.000+0530,480530,18,en,Creed II,2019-11-21
2019-01-31T11:39:52.000+0530,480530,28,en,Creed II,2019-11-21
2019-01-31T11:39:52.000+0530,503314,28,ja,ドラゴンボール超スーパー ブロリー,2019-12-14
2019-01-31T11:39:52.000+0530,503314,16,ja,ドラゴンボール超スーパー ブロリー,2019-12-14
2019-01-31T11:39:52.000+0530,503314,878,ja,ドラゴンボール超スーパー ブロリー,2019-12-14
2019-01-31T11:39:52.000+0530,297802,28,en,Aquaman,2019-12-07
2019-01-31T11:39:52.000+0530,297802,14,en,Aquaman,2019-12-07
2019-01-31T11:39:52.000+0530,297802,878,en,Aquaman,2019-12-07
2019-01-31T11:39:52.000+0530,297802,12,en,Aquaman,2019-12-07
